{"metadata":{"asset_id":"4b132fa9-239e-4c05-8901-f17f563484a9","asset_attributes":["wml_pipeline"],"name":"Payment plan campaign","asset_type":"wml_pipeline","created_at":"2022-01-28T06:00:22Z","description":"","origin_country":"us","owner_id":"IBMid-666000XAX4","space_id":"a27e4c70-5411-4a64-8bed-6bf3663edb46","sandbox_id":"a27e4c70-5411-4a64-8bed-6bf3663edb46","size":0,"tags":["dsx-project.1cfbcc32-204b-4f1c-bd88-e1350feeda4a"],"usage":{"last_update_time":1643349622952,"last_updated_at":"2022-01-28T06:00:22Z"}},"entity":{"wml_pipeline":{"document":{"doc_type":"pipeline","pipelines":[{"id":"autoai","nodes":[{"id":"automl","op":"kube","parameters":{"output_logs":true,"input_file_separator":",","stage_flag":true,"optimization":{"compute_pipeline_notebooks_flag":true,"cv_num_folds":3,"daub_adaptive_subsampling_max_mem_usage":15000000000,"holdout_param":0.1,"label":"MISSED_PAYMENT","learning_type":"classification","max_num_daub_ensembles":2,"positive_label":"Paid","run_cognito_flag":true,"scorer_for_ranking":"accuracy"},"n_parallel_data_connections":4,"one_vs_all_file":true},"runtime_ref":"autoai","type":"execution_node"}],"runtime_ref":"hybrid"}],"primary_pipeline":"autoai","runtimes":[{"app_data":{"wml_data":{"hardware_spec":{"base_id":"a6c4923b-b8e4-444c-9f43-8a7ec3020110","name":"L"}}},"id":"autoai","name":"auto_ai.kb"}],"version":"2.0"},"ml_version":"4.0.0"}}}
