{"entity":{"description":"","name":"Consumer Energy service payments","scope":{"bss_account_id":"b5cdcd2b10fb4599adfc784728b59d5f"},"stage":{"production":false},"status":{"state":"active"},"storage":{"type":"bmcos_object_storage"}},"metadata":{"created_at":"2022-01-28T05:42:44.825Z","creator_id":"IBMid-666000XAX4","id":"a27e4c70-5411-4a64-8bed-6bf3663edb46","updated_at":"2022-01-28T05:43:11.450Z","url":"/v2/spaces/a27e4c70-5411-4a64-8bed-6bf3663edb46"},"is_encrypted":false,"deployment_source":"cloud","version":"1.0.19.cloud"}
